,slope,offset
-10,3.0510323714002876,-971.948781039628
-5,3.261129199658226,-852.0082553356789
0,3.4963677775979667,-708.3217057108849
5,3.7602445711948564,-535.7828332485429
10,4.059182483476395,-332.5620883465835
15,4.400280541882888,-91.54669765286695
20,4.7997261418556265,184.38303257690026
