,slope,offset
-10,3.051032371400323,-971.9487810396764
-5,3.261129199658238,-852.0082553356547
0,3.4963677775980173,-708.321705710971
5,3.7602445711948724,-535.7828332485165
10,4.059182483476411,-332.5620883465495
15,4.400280541882965,-91.54669765294167
20,4.799726141855684,184.38303257685894
